s2;;;;;;;;;;;;;;;;;;;;;;;;;;;;;;;;;;;;;;;;;;;;;;;;;;
;;;;;;;;;;;;;;;;;;;;;;;;;;;;;;;;;;;;;;;;;;;;;;;;;;r0
;;s4;;;;;;;;;;;;;;;;;;;;;;;;;;;;;;;;;;;;;;;;;;;;;;;;
;s5;;;;;;;;;;;;;;;;;;;;;;;;;;;;;;;;;;;;;;;;;;;;;;;;;
;;;r4;;s18;;s22;;s19;;s23;;;;;s29;s30;;s24;s25;s26;s27;s28;s34;s35;s37;s38;s39;s40;s33;;;;;;;;;;;;;;;;;;;;
;;;;;;;;;;;;;;;;;;;;;;;;;;;;;;;;;;;;;;;;;;;;;;;;;;r1
;;;s41;;;;;;;;;;;;;;;;;;;;;;;;;;;;;;;;;;;;;;;;;;;;;;;
;;;r4;;s18;;s22;;s19;;s23;;;;;s29;s30;;s24;s25;s26;s27;s28;s34;s35;s37;s38;s39;s40;s33;;;;;;;;;;;;;;;;;;;;
;;;r5;;r5;;r5;;r5;;r5;;;;;r5;r5;;r5;r5;r5;r5;r5;r5;r5;r5;r5;r5;r5;r5;;;;;;;;;;;;;;;;;;;;
;;;r6;;r6;;r6;;r6;;r6;;;;;r6;r6;;r6;r6;r6;r6;r6;r6;r6;r6;r6;r6;r6;r6;;;;;;;;;;;;;;;;;;;;
;;;r7;;r7;;r7;;r7;;r7;;;;;r7;r7;;r7;r7;r7;r7;r7;r7;r7;r7;r7;r7;r7;r7;;;;;;;;;;;;;;;;;;;;
;;;r8;;r8;;r8;;r8;;r8;;;;;r8;r8;;r8;r8;r8;r8;r8;r8;r8;r8;r8;r8;r8;r8;;;;;;;;;;;;;;;;;;;;
;;;;s43;;;;;;;;;;;;;;;;;;;;;;;;;;;;;;;;;;;;;;;;;;;;;;
;;;r10;;r10;;r10;;r10;;r10;;;;;r10;r10;;r10;r10;r10;r10;r10;r10;r10;r10;r10;r10;r10;r10;;;;;;;;;;;;;;;;;;;;
;;;r11;;r11;;r11;;r11;;r11;;;;;r11;r11;;r11;r11;r11;r11;r11;r11;r11;r11;r11;r11;r11;r11;;;;;;;;;;;;;;;;;;;;
;;;;;;;s46;;;;;;;;;;;;;;;;;;;;;;;;;;;;;;;;;;;;;;;;;;;
;;;r13;;r13;;r13;;r13;;r13;;;;;r13;r13;;r13;r13;r13;r13;r13;r13;r13;r13;r13;r13;r13;r13;;;;;;;;;;;;;;;;;;;;
;;;r14;;r14;;r14;;r14;;r14;;;;;r14;r14;;r14;r14;r14;r14;r14;r14;r14;r14;r14;r14;r14;r14;;;;;;;;;;;;;;;;;;;;
;;;;;;s47;;;;;;;;;;;;;;;;;;;;;;;;;;;;;;;;;;;;;;;;;;;;
;;;;;;s48;;;;;;;;;;;;;;;;;;;;;;;;;;;;;;;;;;;;;;;;;;;;
;;r17;;r17;;;;;;;;;;;;;;r17;;;;;;;;;;;;;;;;;;;;;;;;;;;;;;;;
;;r18;;r18;;;;;;;;;;;;;;r18;;;;;;;;;;;;;;;;;;;;;;;;;;;;;;s50;s51;
;;;;r69;;;;s53;;s52;;;;;;;;;;;;;;;;;;;;;;;;;;;;;;;;;;;;;;r69;r69;
;;;;;;s54;;;;;;;;;;;;;;;;;;;;;;;;;;;;;;;;;;;;;;;;;;;;
;;;;;;;r31;;;;;;;;;;;;;;;;;;;;;;;;;;;;;;;;;;;;;;;;;;;
;;;;;;;r32;;;;;;;;;;;;;;;;;;;;;;;;;;;;;;;;;;;;;;;;;;;
;;;;;;;r33;;;;;;;;;;;;;;;;;;;;;;;;;;;;;;;;;;;;;;;;;;;
;;;;;;;r34;;;;;;;;;;;;;;;;;;;;;;;;;;;;;;;;;;;;;;;;;;;
;;;;;;;r35;;;;;;;;;;;;;;;;;;;;;;;;;;;;;;;;;;;;;;;;;;;
;;;;;;s55;;;;;;;;;;;;;;;;;;;;;;;;;;;;;;;;;;;;;;;;;;;;
;;;;;;s56;;;;;;;;;;;;;;;;;;;;;;;;;;;;;;;;;;;;;;;;;;;;
;;r66;;r66;;;;;;;;;;;r66;;;r66;;;;;;;;;;;;;r66;r66;r66;r66;r66;r66;r66;r66;r66;r66;r66;r66;r66;r66;r66;;;r66;r66;
;;r70;;r70;;;;;;;;;;;r70;;;r70;;;;;;;;;;;;;r70;r70;r70;r70;r70;r70;r70;r70;r70;r70;r70;r70;r70;r70;r70;;;r70;r70;
;;;;;;;s66;;;;;;;;;;;;;;;;;s34;s35;s37;s38;s39;s40;s33;;;;;;;;;;;;;;;;s108;s109;;;
;;r72;;r72;;;;;;;;;;;r72;;;r72;;;;;;;;;;;;;r72;r72;r72;r72;r72;r72;r72;r72;r72;r72;r72;r72;r72;r72;r72;;;r72;r72;
;;r73;;r73;;;;;;;;;;;r73;;;r73;;;;;;;;;;;;;r73;r73;r73;r73;r73;r73;r73;r73;r73;r73;r73;r73;r73;r73;r73;;;r73;r73;
;;r74;;r74;;;;;;;;;;;r74;;;r74;;;;;;;;;;;;;r74;r74;r74;r74;r74;r74;r74;r74;r74;r74;r74;r74;r74;r74;r74;;;r74;r74;
;;r75;;r75;;;;;;;;;;;r75;;;r75;;;;;;;;;;;;;r75;r75;r75;r75;r75;r75;r75;r75;r75;r75;r75;r75;r75;r75;r75;;;r75;r75;
;;r76;;r76;;;;;;;;;;;r76;;;r76;;;;;;;;;;;;;r76;r76;r76;r76;r76;r76;r76;r76;r76;r76;r76;r76;r76;r76;r76;;;r76;r76;
;;r77;;r77;;;;;;;;;;;r77;;;r77;;;;;;;;;;;;;r77;r77;r77;r77;r77;r77;r77;r77;r77;r77;r77;r77;r77;r77;r77;;;r77;r77;
;;r78;;r78;;;;;;;;;;;r78;;;r78;;;;;;;;;;;;;r78;r78;r78;r78;r78;r78;r78;r78;r78;r78;r78;r78;r78;r78;r78;;;r78;r78;
;r2;;r2;;r2;;r2;;r2;;r2;r2;r2;r2;;r2;r2;;r2;r2;r2;r2;r2;r2;r2;r2;r2;r2;r2;r2;;;;;;;;;;;;;;;;;;;;
;;;r3;;;;;;;;;;;;;;;;;;;;;;;;;;;;;;;;;;;;;;;;;;;;;;;
;;;r9;;r9;;r9;;r9;;r9;;;;;r9;r9;;r9;r9;r9;r9;r9;r9;r9;r9;r9;r9;r9;r9;;;;;;;;;;;;;;;;;;;;
;;;;s67;;;;;;;;;;;;;;;;;;;;;;;;;;;;;;;;;;;;;;;;;;;;;;
;;;;r27;;;;;;;;;;;s69;;;;;;;;;;;;;;;;;;;;;;;;;;;;;;;;;;;
;;;;r27;;;;s53;;;;;;;s69;;;;;;;;;;;;;;;;;;;;;;;;;;;;;;;;;;;
;;;;;;;s71;;;;;;;;;;;;;;;;;;;;;;;;;;;;;;;;;;;;;;;;;;;
;;;;;;;s66;;;;;;;;;;;;;;;;;s34;s35;s37;s38;s39;s40;s33;;;;;;;;;;;;;;;;s108;s109;;;
;;r65;;r65;;;;;;;;;;;r65;;;r65;;;;;;;;;;;;;r65;r65;r65;r65;r65;r65;r65;r65;r65;r65;r65;r65;r65;r65;r65;;;r65;r65;
;;r67;;r67;;;;;;;;;;;r67;;;r67;;;;;;;;;;;;;r67;r67;r67;r67;r67;r67;r67;r67;r67;r67;r67;r67;r67;r67;r67;;;r67;r67;
;;r68;;r68;;;;;;;;;;;r68;;;r68;;;;;;;;;;;;;r68;r68;r68;r68;r68;r68;r68;r68;r68;r68;r68;r68;r68;r68;r68;;;r68;r68;
;;;;;;;;;;;;;;;;;;;s24;s25;s26;s27;s28;;;;;;;;;;;;;;;;;;;;;;;;;;;
;;;;;;;s66;;;;;;;;;;;;;;;;;s34;s35;s37;s38;s39;s40;s33;;;;;;;;;;;;;;;;s108;s109;;;
;;;;;;;s66;;;;;;;;;;;;;;;;;s34;s35;s37;s38;s39;s40;s33;;;;;;;;;;;;;;;;s108;s109;;;
;;;;;;;s66;;;;;;;;;;;;;;;;;s34;s35;s37;s38;s39;s40;s33;;;;;;;;;;;;;;;;s108;s109;;;
;;;;;;;s78;;;;;;;;;;;;;;;;;s34;s35;s37;s38;s39;s40;s33;;;;;;;;;;;;;;;;;;;;
;;;;;;;;;;;;;;;;;;;;;;;;;;;;;;;s79;;;;;;;;;;;;;;;;;;;
;;r36;;r36;;;;;;;;;;;r36;;;r36;;;;;;;;;;;;;r36;s81;s82;;;;;;;;;;;;;;;;;
;;r38;;r38;;;;;;;;;;;r38;;;r38;;;;;;;;;;;;;r38;r38;r38;s84;s85;;;;;;;;;;;;;;;
;;r42;;r42;;;;;;;;;;;r42;;;r42;;;;;;;;;;;;;r42;r42;r42;r42;r42;s87;s88;s89;s90;;;;;;;;;;;
;;r46;;r46;;;;;;;;;;;r46;;;r46;;;;;;;;;;;;;r46;r46;r46;r46;r46;r46;r46;r46;r46;s92;s93;s94;;;;;;;;
;;r52;;r52;;;;;;;;;;;r52;;;r52;;;;;;;;;;;;;r52;r52;r52;r52;r52;r52;r52;r52;r52;r52;r52;r52;s96;s97;s98;;;;;
;;r58;;r58;;;;;;;;;;;r58;;;r58;;;;;;;;;;;;;r58;r58;r58;r58;r58;r58;r58;r58;r58;r58;r58;r58;r58;r58;r58;;;;;
;;;;;;;;;;;;;;;;;;;;;;;;s34;s35;s37;s38;s39;s40;s33;;;;;;;;;;;;;;;;;;;;
;;r62;;r62;;;;;;;;;;;r62;;;r62;;;;;;;;;;;;;r62;r62;r62;r62;r62;r62;r62;r62;r62;r62;r62;r62;r62;r62;r62;;;s50;s51;
;;r69;;r69;;;;;;;;;;;r69;;;r69;;;;;;;;;;;;;r69;r69;r69;r69;r69;r69;r69;r69;r69;r69;r69;r69;r69;r69;r69;;;r69;r69;
;;;r12;;r12;;r12;;r12;;r12;;;;;r12;r12;;r12;r12;r12;r12;r12;r12;r12;r12;r12;r12;r12;r12;;;;;;;;;;;;;;;;;;;;
;;;;r24;;;;;;;;;;;;;;;;;;;;;;;;;;;;;;;;;;;;;;;;;;;;;;
;;;;;;;s46;;;;;;;;;;;;;;;;;;;;;;;;;;;;;;;;;;;;;;;;;;;
;;;;r25;;;;;;;;;;;;;;;;;;;;;;;;;;;;;;;;;;;;;;;;;;;;;;
;;;;s101;;;;;;;;;;;;;;;;;;;;;;;;;;;;;;;;;;;;;;;;;;;;;;
;;;;s102;;;;;;;;;;;;;;;;;;;;;;;;;;;;;;;;;;;;;;;;;;;;;;
;;;;s103;;;;;;;;;;;;;;;;;;;;;;;;;;;;;;;;;;;;;;;;;;;;;;
;;;;r30;;;;;;;;;;;r30;;;;;;;;;;;;;;;;;;;;;;;;;;;;;;;;;;;
;;s4;;;;;;;;;;;;;;;;;;;;;;;;;;;;;;;;;;;;;;;;;;;;;;;;
;;s4;;;;;;;;;;;;;;;;;;;;;;;;;;;;;;;;;;;;;;;;;;;;;;;;
;;;;;;;;;;;;;;;;;;s106;;;;;;;;;;;;;;;;;;;;;;;;;;;;;;;;
;;r69;;r69;;;;s53;;;;;;;;;;;;;;;;;;;;;;;;;;;;;;;;;;;;;;;;r69;r69;
;;r71;;r71;;;;;;;;;;;r71;;;r71;;;;;;;;;;;;;r71;r71;r71;r71;r71;r71;r71;r71;r71;r71;r71;r71;r71;r71;r71;;;r71;r71;
;;;;;;;s66;;;;;;;;;;;;;;;;;s34;s35;s37;s38;s39;s40;s33;;;;;;;;;;;;;;;;s108;s109;;;
;;;;;;;r39;;;;;;;;;;;;;;;;;r39;r39;r39;r39;r39;r39;r39;;;;;;;;;;;;;;;;r39;r39;;;
;;;;;;;r40;;;;;;;;;;;;;;;;;r40;r40;r40;r40;r40;r40;r40;;;;;;;;;;;;;;;;r40;r40;;;
;;;;;;;s66;;;;;;;;;;;;;;;;;s34;s35;s37;s38;s39;s40;s33;;;;;;;;;;;;;;;;s108;s109;;;
;;;;;;;r43;;;;;;;;;;;;;;;;;r43;r43;r43;r43;r43;r43;r43;;;;;;;;;;;;;;;;r43;r43;;;
;;;;;;;r44;;;;;;;;;;;;;;;;;r44;r44;r44;r44;r44;r44;r44;;;;;;;;;;;;;;;;r44;r44;;;
;;;;;;;s66;;;;;;;;;;;;;;;;;s34;s35;s37;s38;s39;s40;s33;;;;;;;;;;;;;;;;s108;s109;;;
;;;;;;;r47;;;;;;;;;;;;;;;;;r47;r47;r47;r47;r47;r47;r47;;;;;;;;;;;;;;;;r47;r47;;;
;;;;;;;r48;;;;;;;;;;;;;;;;;r48;r48;r48;r48;r48;r48;r48;;;;;;;;;;;;;;;;r48;r48;;;
;;;;;;;r49;;;;;;;;;;;;;;;;;r49;r49;r49;r49;r49;r49;r49;;;;;;;;;;;;;;;;r49;r49;;;
;;;;;;;r50;;;;;;;;;;;;;;;;;r50;r50;r50;r50;r50;r50;r50;;;;;;;;;;;;;;;;r50;r50;;;
;;;;;;;s66;;;;;;;;;;;;;;;;;s34;s35;s37;s38;s39;s40;s33;;;;;;;;;;;;;;;;s108;s109;;;
;;;;;;;r53;;;;;;;;;;;;;;;;;r53;r53;r53;r53;r53;r53;r53;;;;;;;;;;;;;;;;r53;r53;;;
;;;;;;;r54;;;;;;;;;;;;;;;;;r54;r54;r54;r54;r54;r54;r54;;;;;;;;;;;;;;;;r54;r54;;;
;;;;;;;r55;;;;;;;;;;;;;;;;;r55;r55;r55;r55;r55;r55;r55;;;;;;;;;;;;;;;;r55;r55;;;
;;;;;;;s66;;;;;;;;;;;;;;;;;s34;s35;s37;s38;s39;s40;s33;;;;;;;;;;;;;;;;s108;s109;;;
;;;;;;;r58;;;;;;;;;;;;;;;;;r58;r58;r58;r58;r58;r58;r58;;;;;;;;;;;;;;;;r58;r58;;;
;;;;;;;r59;;;;;;;;;;;;;;;;;r59;r59;r59;r59;r59;r59;r59;;;;;;;;;;;;;;;;r59;r59;;;
;;;;;;;r60;;;;;;;;;;;;;;;;;r60;r60;r60;r60;r60;r60;r60;;;;;;;;;;;;;;;;r60;r60;;;
;;r61;;r61;;;;;;;;;;;r61;;;r61;;;;;;;;;;;;;r61;r61;r61;r61;r61;r61;r61;r61;r61;r61;r61;r61;r61;r61;r61;;;;;
;;;;r26;;;;;;;;;;;;;;;;;;;;;;;;;;;;;;;;;;;;;;;;;;;;;;
;;;r15;;r15;;r15;;r15;;r15;;;;;r15;r15;;r15;r15;r15;r15;r15;r15;r15;r15;r15;r15;r15;r15;;;;;;;;;;;;;;;;;;;;
;;;r16;;r16;;r16;;r16;;r16;;;;;r16;r16;;r16;r16;r16;r16;r16;r16;r16;r16;r16;r16;r16;r16;;;;;;;;;;;;;;;;;;;;
;;;r19;;r19;;r19;;r19;;r19;;;;;r19;r19;;r19;r19;r19;r19;r19;r19;r19;r19;r19;r19;r19;r19;;;;;;;;;;;;;;;;;;;;
;;;;;;;;;;;;s115;s116;s117;;;;;;;;;;;;;;;;;;;;;;;;;;;;;;;;;;;;
;;;;;;;;;r28;;r28;;;;;r28;r28;;r28;r28;r28;r28;r28;r28;r28;r28;r28;r28;r28;r28;;;;;;;;;;;;;;;;;;;;
;;;;;;;s66;;;;;;;;;;;;;;;;;s34;s35;s37;s38;s39;s40;s33;;;;;;;;;;;;;;;;s108;s109;;;
;;r37;;r37;;;;;;;;;;;r37;;;r37;;;;;;;;;;;;;r37;r37;r37;s84;s85;;;;;;;;;;;;;;;
;;;;;;;r63;;;;;;;;;;;;;;;;;r63;r63;r63;r63;r63;r63;r63;;;;;;;;;;;;;;;;r63;r63;;;
;;;;;;;r64;;;;;;;;;;;;;;;;;r64;r64;r64;r64;r64;r64;r64;;;;;;;;;;;;;;;;r64;r64;;;
;;r41;;r41;;;;;;;;;;;r41;;;r41;;;;;;;;;;;;;r41;r41;r41;r41;r41;s87;s88;s89;s90;;;;;;;;;;;
;;r45;;r45;;;;;;;;;;;r45;;;r45;;;;;;;;;;;;;r45;r45;r45;r45;r45;r45;r45;r45;r45;s92;s93;s94;;;;;;;;
;;r51;;r51;;;;;;;;;;;r51;;;r51;;;;;;;;;;;;;r51;r51;r51;r51;r51;r51;r51;r51;r51;r51;r51;r51;s96;s97;s98;;;;;
;;r56;;r56;;;;;;;;;;;r56;;;r56;;;;;;;;;;;;;r56;r56;r56;r56;r56;r56;r56;r56;r56;r56;r56;r56;r56;r56;r56;;;;;
;;;r20;;r20;;r20;;r20;;r20;;;;;r20;r20;;r20;r20;r20;r20;r20;r20;r20;r20;r20;r20;r20;r20;;;;;;;;;;;;;;;;;;;;
;;;;;;s119;;;;;;;;;;;;;;;;;;;;;;;;;;;;;;;;;;;;;;;;;;;;
;;s4;;;;;;;;;;;;;;;;;;;;;;;;;;;;;;;;;;;;;;;;;;;;;;;;
;;;r23;;r23;;r23;;r23;;r23;;;;;r23;r23;;r23;r23;r23;r23;r23;r23;r23;r23;r23;r23;r23;r23;;;;;;;;;;;;;;;;;;;;
;;;;;;;;;;;;;;;;;;s121;;;;;;;;;;;;;;;;;;;;;;;;;;;;;;;;
;;;;;;;s66;;;;;;;;;;;;;;;;;s34;s35;s37;s38;s39;s40;s33;;;;;;;;;;;;;;;;s108;s109;;;
;;;;;;;;;;;;;;s123;;;;;;;;;;;;;;;;;;;;;;;;;;;;;;;;;;;;
;;;;;;;s78;;;;;;;;;;;;;;;;;s34;s35;s37;s38;s39;s40;s33;;;;;;;;;;;;;;;;;;;;
;;s4;;;;;;;;;;;;;;;;;;;;;;;;;;;;;;;;;;;;;;;;;;;;;;;;
;;;r22;;r22;;r22;;r22;;r22;;;;;r22;r22;;r22;r22;r22;r22;r22;r22;r22;r22;r22;r22;r22;r22;;;;;;;;;;;;;;;;;;;;
;;s4;;;;;;;;;;;;;;;;;;;;;;;;;;;;;;;;;;;;;;;;;;;;;;;;
;;;;;;;;;;;;s115;s116;s117;;;;;;;;;;;;;;;;;;;;;;;;;;;;;;;;;;;;
;;;r29;;r29;;r29;;r29;;r29;;;;;r29;r29;;r29;r29;r29;r29;r29;r29;r29;r29;r29;r29;r29;r29;;;;;;;;;;;;;;;;;;;;
;;;r21;;r21;;r21;;r21;;r21;;;;;r21;r21;;r21;r21;r21;r21;r21;r21;r21;r21;r21;r21;r21;r21;;;;;;;;;;;;;;;;;;;;
